,userId,movieId,rating
0,60,48,3.0
1,60,50,3.0
2,60,60,3.0
3,60,318,4.0
4,60,362,4.0
5,60,455,3.0
6,60,527,5.0
7,60,783,4.0
8,60,805,4.0
9,60,832,3.0
10,60,858,5.0
11,60,1203,3.0
12,60,1242,4.0
13,60,1562,3.0
14,60,2067,3.0
15,60,2150,4.0
16,60,2724,3.0
17,60,2739,4.0
18,60,3386,4.0
19,60,3424,4.0
20,60,6016,4.0
21,60,58559,5.0
22,120,5,4.0
23,120,12,3.0
24,120,32,3.0
25,120,52,3.0
26,120,141,3.0
27,120,260,5.0
28,120,608,5.0
29,120,631,3.0
30,120,648,3.0
31,120,653,3.0
32,120,733,4.0
33,120,736,3.0
34,120,743,3.0
35,120,765,3.0
36,120,780,2.0
37,120,783,3.0
38,120,802,4.0
39,120,852,2.0
40,120,858,5.0
41,120,1073,2.0
42,120,1210,5.0
43,120,1367,4.0
44,180,260,4.5
45,180,315,3.0
46,180,785,2.0
47,180,1136,4.0
48,180,1196,4.0
49,180,1197,4.0
50,180,1198,4.0
51,180,1213,4.5
52,180,1242,3.5
53,180,1261,4.0
54,180,1321,2.5
55,180,1748,3.5
56,180,2021,3.5
57,180,2140,1.5
58,180,2571,3.5
59,180,2641,3.5
60,180,2717,4.0
61,180,2723,3.0
62,180,2761,4.0
63,180,2959,4.5
64,180,3210,3.0
65,180,3552,4.0
66,180,3755,3.0
67,180,4993,4.5
68,240,1,5.0
69,240,2,5.0
70,240,3,4.0
71,240,10,3.0
72,240,16,3.0
73,240,19,5.0
74,240,31,4.0
75,240,34,5.0
76,240,39,5.0
77,240,44,4.0
78,240,46,3.0
79,240,48,3.0
80,240,60,4.0
81,240,95,5.0
82,240,104,5.0
83,240,110,5.0
84,240,135,4.0
85,240,150,4.0
86,240,153,3.0
87,240,158,4.0
88,240,160,4.0
89,240,161,4.0
90,240,165,5.0
91,240,168,5.0
92,240,169,3.0
93,240,172,5.0
94,240,173,3.0
95,240,174,5.0
96,240,181,3.0
97,240,185,4.0
98,240,186,3.0
99,240,196,4.0
100,240,204,4.0
101,240,208,4.0
102,240,216,5.0
103,240,225,4.0
104,240,227,4.0
105,240,231,4.0
106,240,239,3.0
107,240,248,5.0
108,240,252,3.0
109,240,253,5.0
110,240,255,5.0
111,240,256,4.0
112,240,262,3.0
113,240,267,5.0
114,240,273,4.0
115,240,276,5.0
116,240,277,3.0
117,240,282,1.0
118,240,292,5.0
119,240,296,2.0
120,240,315,3.0
121,240,316,4.0
122,240,317,5.0
123,240,318,3.0
124,240,328,5.0
125,240,329,3.0
126,240,333,5.0
127,240,338,5.0
128,240,339,3.0
129,240,344,5.0
130,240,349,3.0
131,240,355,3.0
132,240,356,5.0
133,240,362,3.0
134,240,364,4.0
135,240,366,4.0
136,240,367,4.0
137,240,368,5.0
138,240,370,5.0
139,240,374,3.0
140,240,377,5.0
141,240,380,3.0
142,240,382,3.0
143,240,383,5.0
144,240,410,3.0
145,240,413,4.0
146,240,419,3.0
147,240,420,4.0
148,240,427,2.0
149,240,432,5.0
150,240,434,3.0
151,240,435,3.0
152,240,442,3.0
153,240,454,3.0
154,240,455,3.0
155,240,457,3.0
156,240,466,4.0
157,240,480,4.0
158,240,485,4.0
159,240,491,3.0
160,240,500,5.0
161,240,502,3.0
162,240,516,5.0
163,240,519,3.0
164,240,520,3.0
165,240,524,5.0
166,240,529,4.0
167,240,531,4.0
168,240,533,3.0
169,240,539,3.0
170,240,542,5.0
171,240,543,3.0
172,240,546,3.0
173,240,551,4.0
174,240,552,3.0
175,240,553,5.0
176,240,588,4.0
177,240,589,4.0
178,240,590,4.0
179,240,592,3.0
180,240,594,3.0
181,240,595,3.0
182,240,596,3.0
183,240,637,4.0
184,240,653,5.0
185,240,673,5.0
186,240,688,3.0
187,240,736,5.0
188,240,761,3.0
189,240,780,5.0
190,240,788,5.0
191,240,810,4.0
192,240,1073,5.0
193,240,1356,5.0
194,240,1359,5.0
195,240,1367,3.0
196,300,318,4.0
197,300,356,4.0
198,300,527,5.0
199,300,593,4.0
200,300,1172,5.0
201,300,1704,3.0
202,300,2028,4.0
203,300,2324,5.0
204,300,2329,4.0
205,300,2571,4.0
206,300,2762,3.5
207,300,2858,5.0
208,300,2959,4.5
209,300,4848,4.0
210,300,4973,4.0
211,300,5995,4.5
212,300,6016,5.0
213,300,6711,5.0
214,300,7361,5.0
215,300,8950,3.0
216,300,48394,5.0
217,300,56174,3.0
218,300,63082,4.0
219,300,79132,4.0
220,300,81591,5.0
221,300,92259,4.0
222,300,99114,3.5
223,300,109487,5.0
224,300,112183,4.0
225,300,112290,5.0
226,300,112552,4.5
227,300,112556,5.0
228,360,1407,4.0
229,360,1414,2.0
230,360,1422,3.0
231,360,1438,2.0
232,360,1479,1.0
233,360,1485,3.0
234,360,1488,4.0
235,360,1515,2.0
236,360,1584,4.0
237,360,1597,2.0
238,360,1603,1.0
239,360,1608,5.0
240,360,1616,5.0
241,360,1617,5.0
242,360,1620,5.0
243,360,1625,5.0
244,360,1626,2.0
245,360,1639,2.0
246,360,1646,1.0
247,360,1647,2.0
248,360,1687,5.0
249,360,1711,5.0
250,360,1721,4.0
251,360,1747,5.0
252,360,1754,5.0
253,420,1,4.0
254,420,32,3.5
255,420,73,4.0
256,420,296,4.0
257,420,318,4.5
258,420,356,4.0
259,420,364,4.5
260,420,480,3.5
261,420,527,4.5
262,420,541,3.5
263,420,588,4.0
264,420,750,4.0
265,420,899,5.0
266,420,910,5.0
267,420,923,3.5
268,420,924,4.0
269,420,1080,4.5
270,420,1131,4.0
271,420,1132,4.0
272,420,1136,5.0
273,420,1161,3.5
274,420,1175,4.0
275,420,1193,4.0
276,420,1203,4.0
277,420,1206,4.0
278,420,1208,3.5
279,420,1270,3.5
280,420,1281,4.0
281,420,1416,4.0
282,420,1517,4.5
283,420,1527,3.5
284,420,1580,3.5
285,420,1721,4.0
286,420,1927,3.5
287,420,1961,3.0
288,420,2052,3.0
289,420,2174,3.5
290,420,2186,4.0
291,420,2311,3.5
292,420,2320,4.0
293,420,2329,4.0
294,420,2571,4.5
295,420,2617,3.5
296,420,2657,5.0
297,420,2683,4.5
298,420,2700,3.5
299,420,2716,3.5
300,420,2722,3.0
301,420,2762,4.0
302,420,2819,4.0
303,420,2858,4.0
304,420,2959,4.0
305,420,3081,4.5
306,420,3147,4.5
307,420,3159,4.0
308,420,3175,3.5
309,420,3307,4.0
310,420,3354,3.0
311,420,3462,3.5
312,420,3476,4.0
313,420,3534,3.0
314,420,3545,3.5
315,420,3559,4.0
316,420,3745,3.0
317,420,3793,4.0
318,420,3917,4.0
319,420,3979,3.0
320,420,4306,4.0
321,420,4308,4.5
322,420,4816,4.0
323,420,4878,4.0
324,420,4886,3.0
325,420,4973,3.5
326,420,4993,4.5
327,420,5151,2.5
328,420,5265,3.5
329,420,5349,3.5
330,420,5608,4.5
331,420,5669,4.0
332,420,5784,3.5
333,420,5902,4.0
334,420,5952,4.5
335,420,6104,4.0
336,420,6210,3.0
337,420,6287,3.5
338,420,6333,3.5
339,420,6539,4.0
340,420,6755,3.0
341,420,6807,4.5
342,420,6870,4.0
343,420,6874,4.0
344,420,6934,3.5
345,420,6936,4.0
346,420,7022,3.5
347,420,7147,4.0
348,420,7153,4.5
349,420,7156,4.0
350,420,7361,4.0
351,420,7373,3.0
352,420,7438,3.5
353,420,7458,3.0
354,420,7700,4.0
355,420,8337,4.0
356,420,8360,3.5
357,420,8464,4.5
358,420,8577,4.0
359,420,8622,4.0
360,420,8641,3.5
361,420,8874,3.5
362,420,26693,4.0
363,420,31410,4.0
364,420,32587,4.0
365,420,33004,4.0
366,420,33903,4.5
367,420,36401,3.0
368,420,41569,3.0
369,420,43376,4.5
370,420,44191,4.0
371,420,44555,4.5
372,420,44974,4.5
373,420,45499,3.0
374,420,46578,4.0
375,420,46970,3.5
376,420,47997,3.5
377,420,48385,3.5
378,420,48394,4.5
379,420,51662,3.5
380,420,52245,3.5
381,420,53125,3.5
382,420,53468,3.5
383,420,54259,4.0
384,420,54272,3.5
385,420,54286,3.0
386,420,54881,4.0
387,420,54995,4.0
388,420,56251,4.0
389,420,56367,4.5
390,420,56757,4.0
391,420,57640,3.5
392,420,59295,1.0
393,420,62956,4.0
394,480,1,3.0
395,480,2,3.0
396,480,3,2.5
397,480,6,4.0
398,480,10,4.0
399,480,16,4.0
400,480,19,1.5
401,480,21,2.5
402,480,32,4.0
403,480,34,4.0
404,480,39,2.5
405,480,47,4.5
406,480,50,3.5
407,480,60,2.0
408,480,62,3.5
409,480,69,2.0
410,480,95,1.0
411,480,101,5.0
412,480,104,3.0
413,480,110,5.0
414,480,111,4.5
415,480,147,4.0
416,480,150,3.5
417,480,153,1.0
418,480,158,2.5
419,480,160,2.5
420,480,161,3.5
421,480,163,3.0
422,480,165,3.0
423,480,168,2.5
424,480,172,2.5
425,480,173,2.0
426,480,185,1.0
427,480,196,1.0
428,480,208,3.0
429,480,223,1.5
430,480,231,3.0
431,480,235,3.0
432,480,246,3.5
433,480,249,4.0
434,480,253,3.5
435,480,260,4.5
436,480,261,4.0
437,480,282,3.0
438,480,288,2.5
439,480,293,4.5
440,480,296,4.0
441,480,300,4.5
442,480,316,4.0
443,480,317,2.5
444,480,318,5.0
445,480,337,4.0
446,480,344,3.5
447,480,348,5.0
448,480,349,3.0
449,480,353,3.0
450,480,356,5.0
451,480,357,3.0
452,480,364,3.5
453,480,367,4.0
454,480,370,0.5
455,480,377,3.5
456,480,380,2.5
457,480,382,2.5
458,480,410,3.5
459,480,420,2.0
460,480,431,3.0
461,480,432,2.0
462,480,434,2.5
463,480,435,1.5
464,480,440,2.5
465,480,441,5.0
466,480,442,0.5
467,480,454,2.5
468,480,457,3.5
469,480,466,0.5
470,480,474,3.0
471,480,480,5.0
472,480,481,3.0
473,480,485,2.0
474,480,500,4.0
475,480,508,4.0
476,480,520,2.0
477,480,527,5.0
478,480,529,3.5
479,480,539,3.0
480,480,541,4.0
481,480,551,3.5
482,480,552,2.5
483,480,553,4.0
484,480,586,4.0
485,480,587,3.5
486,480,588,4.0
487,480,589,4.5
488,480,590,5.0
489,480,592,4.5
490,480,593,4.5
491,480,594,3.5
492,480,595,3.0
493,480,597,3.0
494,480,608,4.0
495,480,648,3.0
496,480,653,2.5
497,480,708,3.5
498,480,733,3.5
499,480,736,2.5
500,480,741,3.5
501,480,778,4.0
502,480,780,3.0
503,480,784,4.5
504,480,788,2.5
505,480,802,3.0
506,480,832,2.5
507,480,858,5.0
508,480,880,3.5
509,480,919,5.0
510,480,923,5.0
511,480,953,4.0
512,480,954,4.5
513,480,991,4.0
514,480,1028,4.5
515,480,1036,3.5
516,480,1060,4.0
517,480,1061,3.5
518,480,1073,3.5
519,480,1078,3.5
520,480,1079,2.5
521,480,1080,4.5
522,480,1089,4.0
523,480,1090,4.0
524,480,1092,3.0
525,480,1097,5.0
526,480,1101,4.0
527,480,1103,4.0
528,480,1127,3.5
529,480,1136,5.0
530,480,1179,3.5
531,480,1183,4.5
532,480,1193,3.5
533,480,1196,5.0
534,480,1197,4.5
535,480,1198,5.0
536,480,1200,4.0
537,480,1203,5.0
538,480,1206,4.0
539,480,1207,4.0
540,480,1208,4.0
541,480,1210,3.5
542,480,1213,4.0
543,480,1214,5.0
544,480,1221,5.0
545,480,1222,3.5
546,480,1225,5.0
547,480,1230,5.0
548,480,1235,4.0
549,480,1240,4.0
550,480,1242,4.0
551,480,1246,5.0
552,480,1247,4.0
553,480,1256,4.0
554,480,1257,4.0
555,480,1258,5.0
556,480,1259,3.5
557,480,1261,2.0
558,480,1263,4.5
559,480,1265,3.0
560,480,1266,5.0
561,480,1270,5.0
562,480,1271,3.0
563,480,1274,4.0
564,480,1275,3.0
565,480,1278,2.5
566,480,1282,3.5
567,480,1285,3.5
568,480,1288,4.0
569,480,1291,5.0
570,480,1302,4.0
571,480,1304,4.5
572,480,1307,5.0
573,480,1320,2.0
574,480,1321,3.5
575,480,1347,1.5
576,480,1370,3.5
577,480,1377,3.5
578,480,1378,0.5
579,480,1380,3.0
580,480,1387,3.5
581,480,1391,2.0
582,480,1393,4.0
583,480,1394,4.5
584,480,1396,2.5
585,480,1407,3.0
586,480,1408,5.0
587,480,1409,3.5
588,480,1441,3.0
589,480,1449,4.0
590,480,1464,2.5
591,480,1466,4.5
592,480,1476,3.0
593,480,1485,2.5
594,480,1500,3.5
595,480,1517,3.5
596,480,1527,3.5
597,480,1544,2.0
598,480,1573,3.5
599,480,1580,3.5
600,480,1610,4.5
601,480,1625,2.0
602,480,1639,2.5
603,480,1641,2.5
604,480,1645,3.0
605,480,1653,5.0
606,480,1673,4.5
607,480,1676,3.0
608,480,1682,4.5
609,480,1690,2.0
610,480,1693,4.5
611,480,1704,5.0
612,480,1721,4.0
613,480,1722,2.5
614,480,1729,2.0
615,480,1732,3.5
616,480,1747,3.0
617,480,1777,4.0
618,480,1784,3.5
619,480,1876,2.5
620,480,1889,3.5
621,480,1917,3.0
622,480,1921,4.5
623,480,1923,4.0
624,480,1954,4.5
625,480,1957,4.5
626,480,1961,4.5
627,480,1962,5.0
628,480,1967,3.5
629,480,1968,3.5
630,480,1982,3.0
631,480,1997,3.0
632,480,2000,3.0
633,480,2001,2.5
634,480,2003,4.0
635,480,2005,4.5
636,480,2006,1.5
637,480,2011,4.0
638,480,2012,3.0
639,480,2018,3.5
640,480,2023,3.0
641,480,2028,4.5
642,480,2054,2.0
643,480,2080,3.5
644,480,2081,3.0
645,480,2085,3.5
646,480,2094,3.0
647,480,2100,2.0
648,480,2115,5.0
649,480,2140,3.5
650,480,2167,3.0
651,480,2174,4.5
652,480,2193,3.5
653,480,2194,3.5
654,480,2231,3.5
655,480,2248,4.5
656,480,2273,2.5
657,480,2291,4.0
658,480,2302,2.5
659,480,2318,1.5
660,480,2321,4.0
661,480,2324,3.0
662,480,2329,5.0
663,480,2353,2.5
664,480,2355,3.0
665,480,2371,3.0
666,480,2395,5.0
667,480,2396,4.5
668,480,2406,4.5
669,480,2407,3.0
670,480,2423,3.5
671,480,2424,2.5
672,480,2455,2.5
673,480,2470,4.5
674,480,2501,3.5
675,480,2502,5.0
676,480,2539,2.5
677,480,2542,4.0
678,480,2571,5.0
679,480,2572,2.5
680,480,2580,2.5
681,480,2581,1.5
682,480,2596,3.5
683,480,2599,1.5
684,480,2617,3.0
685,480,2628,2.0
686,480,2640,2.5
687,480,2657,3.0
688,480,2664,3.0
689,480,2671,2.5
690,480,2683,4.5
691,480,2692,4.0
692,480,2699,1.5
693,480,2700,3.0
694,480,2701,1.5
695,480,2706,3.5
696,480,2710,1.0
697,480,2712,3.0
698,480,2716,4.0
699,480,2722,1.0
700,480,2728,4.0
701,480,2762,4.0
702,480,2763,3.0
703,480,2770,1.0
704,480,2788,4.0
705,480,2797,5.0
706,480,2804,5.0
707,480,2858,4.0
708,480,2863,3.0
709,480,2872,3.0
710,480,2908,4.0
711,480,2916,2.5
712,480,2918,4.0
713,480,2946,3.0
714,480,2947,3.0
715,480,2948,3.0
716,480,2959,4.5
717,480,2968,2.5
718,480,2973,4.5
719,480,2985,2.5
720,480,2987,4.0
721,480,2997,4.0
722,480,3000,3.0
723,480,3020,4.5
724,480,3033,2.5
725,480,3037,4.0
726,480,3052,1.0
727,480,3081,3.5
728,480,3100,3.0
729,480,3101,4.0
730,480,3114,3.0
731,480,3147,4.5
732,480,3148,5.0
733,480,3160,4.0
734,480,3168,3.5
735,480,3174,3.5
736,480,3176,2.0
737,480,3178,3.5
738,480,3189,3.5
739,480,3210,3.5
740,480,3252,4.5
741,480,3253,4.5
742,480,3255,4.0
743,480,3256,3.0
744,480,3275,4.5
745,480,3285,4.5
746,480,3300,1.0
747,480,3301,2.0
748,480,3317,4.0
749,480,3355,4.0
750,480,3360,4.0
751,480,3362,4.0
752,480,3386,3.5
753,480,3409,1.5
754,480,3418,3.0
755,480,3421,3.0
756,480,3448,4.0
757,480,3471,3.0
758,480,3481,5.0
759,480,3484,3.0
760,480,3499,3.0
761,480,3527,2.5
762,480,3535,3.0
763,480,3552,4.0
764,480,3555,3.5
765,480,3565,3.5
766,480,3578,4.5
767,480,3617,3.0
768,480,3618,5.0
769,480,3623,2.5
770,480,3624,1.5
771,480,3646,0.5
772,480,3671,0.5
773,480,3677,5.0
774,480,3702,3.0
775,480,3703,3.5
776,480,3717,3.0
777,480,3723,3.5
778,480,3752,3.5
779,480,3753,3.5
780,480,3755,2.5
781,480,3785,0.5
782,480,3793,4.0
783,480,3798,3.0
784,480,3812,4.0
785,480,3814,5.0
786,480,3826,1.0
787,480,3827,2.5
788,480,3852,4.0
789,480,3858,4.0
790,480,3882,0.5
791,480,3896,2.5
792,480,3897,5.0
793,480,3911,3.0
794,480,3916,2.5
795,480,3943,4.0
796,480,3948,2.0
797,480,3949,3.5
798,480,3955,1.0
799,480,3967,3.0
800,480,3968,3.5
801,480,3969,4.0
802,480,3977,1.5
803,480,3978,2.5
804,480,3979,2.5
805,480,3988,2.5
806,480,3994,4.5
807,480,3996,4.0
808,480,4011,3.5
809,480,4015,1.5
810,480,4016,2.5
811,480,4017,3.5
812,480,4018,1.5
813,480,4019,2.5
814,480,4022,4.5
815,480,4025,2.5
816,480,4027,4.5
817,480,4033,4.0
818,480,4034,3.5
819,480,4085,3.0
820,480,4105,2.5
821,480,4128,3.5
822,480,4148,3.0
823,480,4149,3.0
824,480,4158,3.0
825,480,4223,3.0
826,480,4226,4.0
827,480,4239,3.0
828,480,4246,3.0
829,480,4247,4.0
830,480,4255,3.0
831,480,4262,3.5
832,480,4270,3.0
833,480,4299,3.0
834,480,4305,0.5
835,480,4306,3.5
836,480,4308,4.0
837,480,4310,2.5
838,480,4321,3.0
839,480,4340,2.5
840,480,4343,3.0
841,480,4361,3.5
842,480,4367,1.5
843,480,4369,2.5
844,480,4370,3.5
845,480,4447,3.0
846,480,4452,1.5
847,480,4489,3.0
848,480,4508,3.5
849,480,4571,4.0
850,480,4638,2.0
851,480,4639,1.5
852,480,4641,3.5
853,480,4643,2.5
854,480,4649,5.0
855,480,4701,2.5
856,480,4718,1.5
857,480,4721,0.5
858,480,4727,2.5
859,480,4728,1.5
860,480,4732,2.0
861,480,4733,4.0
862,480,4734,1.0
863,480,4756,2.0
864,480,4774,2.5
865,480,4776,4.0
866,480,4787,3.0
867,480,4816,4.5
868,480,4823,2.5
869,480,4848,3.5
870,480,4855,3.5
871,480,4865,4.5
872,480,4867,2.5
873,480,4873,3.0
874,480,4878,5.0
875,480,4886,2.5
876,480,4890,3.5
877,480,4896,3.5
878,480,4899,1.5
879,480,4900,1.5
880,480,4901,3.0
881,480,4921,3.5
882,480,4958,3.0
883,480,4963,3.5
884,480,4973,4.5
885,480,4975,4.0
886,480,4979,5.0
887,480,4993,3.5
888,480,4995,4.0
889,480,5009,3.0
890,480,5010,4.0
891,480,5025,3.0
892,480,5026,2.5
893,480,5055,0.5
894,480,5060,4.0
895,480,5064,4.0
896,480,5080,4.0
897,480,5103,2.0
898,480,5110,3.0
899,480,5152,2.0
900,480,5218,3.0
901,480,5219,2.0
902,480,5225,4.0
903,480,5254,2.0
904,480,5265,4.5
905,480,5283,4.0
906,480,5313,2.5
907,480,5323,0.5
908,480,5349,4.0
909,480,5363,2.5
910,480,5377,4.0
911,480,5378,3.0
912,480,5379,4.0
913,480,5388,3.0
914,480,5401,1.0
915,480,5418,2.0
916,480,5421,3.5
917,480,5449,3.0
918,480,5459,3.0
919,480,5478,0.5
920,480,5481,4.0
921,480,5483,3.5
922,480,5502,4.0
923,480,5508,4.0
924,480,5528,2.5
925,480,5573,3.0
926,480,5574,2.0
927,480,5577,4.5
928,480,5620,2.0
929,480,5630,3.0
930,480,5669,3.5
931,480,5673,3.5
932,480,5679,4.0
933,480,5782,4.0
934,480,5810,2.5
935,480,5816,3.5
936,480,5872,2.5
937,480,5874,1.0
938,480,5900,1.5
939,480,5902,4.5
940,480,5943,1.5
941,480,5952,4.5
942,480,5955,3.0
943,480,5956,5.0
944,480,5989,5.0
945,480,5995,5.0
946,480,6003,3.5
947,480,6006,1.5
948,480,6016,3.5
949,480,6155,2.5
950,480,6156,3.0
951,480,6188,4.0
952,480,6281,3.5
953,480,6290,2.5
954,480,6296,3.0
955,480,6299,3.0
956,480,6306,3.5
957,480,6333,4.0
958,480,6365,2.5
959,480,6367,2.5
960,480,6373,3.5
961,480,6377,3.0
962,480,6436,4.5
963,480,6482,2.5
964,480,6484,2.5
965,480,6502,4.0
966,480,6537,3.0
967,480,6539,3.0
968,480,6541,1.0
969,480,6548,2.0
970,480,6552,3.5
971,480,6565,4.0
972,480,6615,2.0
973,480,6620,4.0
974,480,6708,3.5
975,480,6711,3.5
976,480,6753,3.5
977,480,6754,3.5
978,480,6755,3.5
979,480,6764,1.5
980,480,6773,3.0
981,480,6787,4.5
982,480,6796,4.0
983,480,6807,4.5
984,480,6853,1.0
985,480,6857,3.0
986,480,6863,4.0
987,480,6867,4.0
988,480,6870,4.5
989,480,6873,2.0
990,480,6874,4.0
991,480,6879,4.0
992,480,6932,1.5
993,480,6934,2.0
994,480,6936,3.5
995,480,6947,3.5
996,480,6979,2.0
997,480,6993,5.0
998,480,7090,3.5
999,480,7143,3.5
1000,480,7147,4.5
1001,480,7150,3.5
1002,480,7153,4.0
1003,480,7160,3.5
1004,480,7161,0.5
1005,480,7162,4.5
1006,480,7173,2.0
1007,480,7263,3.0
1008,480,7265,4.0
1009,480,7293,2.0
1010,480,7325,3.0
1011,480,7346,3.5
1012,480,7360,1.0
1013,480,7361,4.5
1014,480,7366,1.0
1015,480,7373,4.0
1016,480,7376,1.0
1017,480,7419,4.0
1018,480,7438,4.0
1019,480,7448,2.5
1020,480,7454,3.0
1021,480,7458,4.0
1022,480,7618,3.5
1023,480,7983,4.0
1024,480,8131,3.5
1025,480,8360,3.5
1026,480,8361,2.5
1027,480,8366,4.0
1028,480,8368,4.5
1029,480,8371,3.5
1030,480,8376,4.0
1031,480,8464,3.0
1032,480,8528,3.5
1033,480,8529,3.5
1034,480,8533,3.5
1035,480,8622,4.0
1036,480,8636,5.0
1037,480,8640,2.0
1038,480,8641,4.5
1039,480,8644,1.5
1040,480,8783,4.5
1041,480,8784,3.5
1042,480,8798,3.0
1043,480,8807,0.5
1044,480,8810,1.5
1045,480,8861,2.0
1046,480,8865,4.0
1047,480,8866,3.0
1048,480,8873,3.5
1049,480,8874,4.0
1050,480,8907,3.0
1051,480,8910,4.5
1052,480,8917,2.5
1053,480,8937,3.5
1054,480,8947,1.5
1055,480,8949,2.5
1056,480,8950,3.5
1057,480,8957,2.0
1058,480,8958,4.0
1059,480,8961,3.5
1060,480,8969,2.0
1061,480,8970,4.0
1062,480,8972,3.0
1063,480,8977,3.0
1064,480,8983,3.5
1065,480,8984,3.0
1066,480,26965,4.0
1067,480,27660,1.5
1068,480,27664,3.0
1069,480,27706,3.5
1070,480,27721,3.5
1071,480,27821,3.5
1072,480,27830,2.5
1073,480,27837,2.5
1074,480,27839,2.5
1075,480,27879,4.0
1076,480,27882,3.0
1077,480,27912,1.0
1078,480,30707,4.0
1079,480,30793,4.0
1080,480,30810,4.5
1081,480,30812,4.0
1082,480,30822,3.0
1083,480,30825,2.5
1084,480,30894,2.0
1085,480,31221,1.0
1086,480,31696,3.0
1087,480,31804,3.5
1088,480,32019,0.5
1089,480,32031,3.0
1090,480,32291,4.0
1091,480,32294,3.5
1092,480,32296,2.0
1093,480,32584,2.5
1094,480,32587,4.0
1095,480,32598,2.5
1096,480,33162,5.0
1097,480,33164,0.5
1098,480,33166,4.0
1099,480,33171,3.5
1100,480,33421,4.0
1101,480,33437,2.5
1102,480,33493,4.0
1103,480,33495,3.5
1104,480,33615,2.5
1105,480,33646,2.5
1106,480,33660,4.5
1107,480,33669,2.5
1108,480,33672,2.0
1109,480,33679,2.5
1110,480,33794,4.0
1111,480,33834,1.0
1112,480,33836,2.5
1113,480,33880,4.0
1114,480,34048,4.0
1115,480,34150,2.5
1116,480,34162,3.5
1117,480,34271,4.0
1118,480,34319,3.0
1119,480,34323,4.0
1120,480,34338,2.5
1121,480,34405,4.0
1122,480,34437,2.5
1123,480,34520,1.0
1124,480,34542,3.5
1125,480,35836,4.0
1126,480,35957,3.5
1127,480,36477,4.0
1128,480,36519,2.0
1129,480,36527,4.0
1130,480,36529,4.0
1131,480,36535,4.0
1132,480,36537,4.0
1133,480,36708,3.0
1134,480,37380,1.0
1135,480,37382,1.5
1136,480,37384,2.0
1137,480,37729,3.5
1138,480,37733,3.0
1139,480,37739,2.5
1140,480,37741,4.5
1141,480,37844,2.0
1142,480,38038,3.5
1143,480,38061,4.0
1144,480,38798,2.0
1145,480,38886,2.5
1146,480,39183,4.0
1147,480,39231,4.0
1148,480,39234,3.5
1149,480,39292,3.5
1150,480,39381,4.0
1151,480,39414,3.5
1152,480,39444,4.0
1153,480,39449,1.5
1154,480,40278,3.5
1155,480,40581,1.5
1156,480,40732,3.0
1157,480,40815,4.0
1158,480,40819,3.5
1159,480,41285,4.0
1160,480,41566,4.0
1161,480,41569,4.0
1162,480,41573,2.5
1163,480,41716,4.0
1164,480,41997,3.5
1165,480,42011,2.5
1166,480,42013,1.5
1167,480,42418,4.0
1168,480,42738,3.0
1169,480,43396,4.0
1170,480,43460,4.0
1171,480,43560,2.5
1172,480,43708,3.5
1173,480,43871,3.0
1174,480,43914,4.0
1175,480,44022,3.0
1176,480,44191,4.0
1177,480,44195,4.0
1178,480,44197,3.0
1179,480,44199,4.0
1180,480,44397,2.5
1181,480,44665,4.5
1182,480,44761,5.0
1183,480,44840,3.0
1184,480,45028,3.5
1185,480,45440,3.0
1186,480,45442,3.5
1187,480,45447,3.5
1188,480,45499,3.0
1189,480,45501,1.5
1190,480,45517,3.0
1191,480,45666,3.5
1192,480,45668,2.5
1193,480,45672,2.5
1194,480,45722,3.5
1195,480,45726,2.5
1196,480,45730,3.5
1197,480,46322,3.0
1198,480,46335,1.0
1199,480,46530,3.0
1200,480,46578,5.0
1201,480,46723,4.0
1202,480,46967,4.5
1203,480,46970,5.0
1204,480,46976,4.0
1205,480,47044,4.0
1206,480,47099,3.5
1207,480,47423,4.0
1208,480,47610,4.5
1209,480,47644,3.5
1210,480,47646,4.0
1211,480,48142,4.0
1212,480,48385,4.5
1213,480,48394,4.5
1214,480,48516,4.5
1215,480,48774,4.5
1216,480,48780,4.5
1217,480,48783,4.0
1218,480,49272,4.5
1219,480,49276,0.5
1220,480,49280,4.5
1221,480,49286,2.0
1222,480,49347,3.5
1223,480,49530,4.5
1224,480,49649,2.5
1225,480,49651,4.0
1226,480,51255,4.0
1227,480,51662,4.0
1228,480,52973,4.5
1229,480,53000,3.5
1230,540,47,4.5
1231,540,145,3.5
1232,540,260,5.0
1233,540,296,5.0
1234,540,589,4.5
1235,540,648,3.5
1236,540,736,3.5
1237,540,1073,4.0
1238,540,1196,5.0
1239,540,1210,5.0
1240,540,1409,3.5
1241,540,1681,2.0
1242,540,1971,2.5
1243,540,2028,5.0
1244,540,2107,3.5
1245,540,2183,2.0
1246,540,2329,5.0
1247,540,2567,3.0
1248,540,2571,4.0
1249,540,2598,3.0
1250,540,2628,4.5
1251,540,2747,4.0
1252,540,2772,4.0
1253,540,2841,4.0
1254,540,2959,4.5
1255,540,4239,4.0
1256,540,4886,3.5
1257,540,4993,4.0
1258,540,5349,4.0
1259,540,5378,4.0
1260,540,5445,4.0
1261,540,5693,2.5
1262,540,6365,3.5
1263,540,6539,4.5
1264,540,8874,4.5
1265,540,32587,5.0
1266,540,33493,5.0
1267,540,37733,3.5
1268,540,44191,5.0
1269,540,45722,4.0
1270,540,48385,4.0
1271,540,48516,5.0
1272,600,1,2.5
1273,600,2,4.0
1274,600,4,1.5
1275,600,5,2.5
1276,600,7,3.5
1277,600,17,3.5
1278,600,19,3.0
1279,600,24,2.0
1280,600,29,4.5
1281,600,32,4.5
1282,600,34,2.0
1283,600,39,3.0
1284,600,46,3.0
1285,600,47,4.0
1286,600,52,3.5
1287,600,62,2.5
1288,600,72,1.0
1289,600,73,3.5
1290,600,101,4.5
1291,600,104,3.0
1292,600,110,2.0
1293,600,141,3.5
1294,600,145,2.5
1295,600,150,2.0
1296,600,151,3.0
1297,600,160,2.5
1298,600,161,1.0
1299,600,165,2.5
1300,600,172,2.0
1301,600,181,2.5
1302,600,185,2.5
1303,600,186,2.5
1304,600,193,1.0
1305,600,195,2.0
1306,600,203,3.0
1307,600,208,2.0
1308,600,216,3.0
1309,600,223,2.5
1310,600,225,2.0
1311,600,231,3.5
1312,600,237,1.0
1313,600,239,2.0
1314,600,247,4.5
1315,600,252,2.0
1316,600,253,4.5
1317,600,256,2.0
1318,600,260,4.0
1319,600,261,3.0
1320,600,262,3.0
1321,600,266,3.5
1322,600,277,2.0
1323,600,282,2.5
1324,600,292,2.5
1325,600,296,4.5
1326,600,317,0.5
1327,600,318,3.5
1328,600,327,1.5
1329,600,329,3.0
1330,600,332,3.5
1331,600,337,4.0
1332,600,339,2.5
1333,600,342,0.5
1334,600,343,3.0
1335,600,344,3.0
1336,600,346,3.0
1337,600,349,2.0
1338,600,350,3.0
1339,600,353,3.5
1340,600,355,2.5
1341,600,356,4.0
1342,600,357,1.0
1343,600,362,2.5
1344,600,364,2.5
1345,600,367,3.0
1346,600,371,1.0
1347,600,372,2.0
1348,600,374,3.0
1349,600,377,2.0
1350,600,380,3.0
1351,600,410,3.5
1352,600,419,3.5
1353,600,429,3.0
1354,600,440,2.5
1355,600,454,2.5
1356,600,457,3.0
1357,600,473,1.5
1358,600,480,3.0
1359,600,491,3.0
1360,600,492,3.0
1361,600,500,4.0
1362,600,508,2.0
1363,600,520,3.0
1364,600,524,1.0
1365,600,527,3.0
1366,600,531,2.5
1367,600,539,2.0
1368,600,543,2.5
1369,600,551,4.0
1370,600,552,3.5
1371,600,558,2.0
1372,600,562,4.0
1373,600,575,2.0
1374,600,587,3.0
1375,600,588,3.5
1376,600,589,3.0
1377,600,592,2.5
1378,600,593,4.0
1379,600,594,3.0
1380,600,595,3.0
1381,600,596,2.5
1382,600,608,4.0
1383,600,613,1.0
1384,600,616,4.0
1385,600,628,3.5
1386,600,631,2.5
1387,600,648,3.0
1388,600,661,4.0
1389,600,662,1.0
1390,600,663,4.5
1391,600,673,1.0
1392,600,700,3.0
1393,600,719,2.5
1394,600,724,3.0
1395,600,736,2.5
1396,600,750,4.5
1397,600,762,0.5
1398,600,778,3.5
1399,600,780,2.0
1400,600,784,2.5
1401,600,788,2.0
1402,600,801,3.5
1403,600,810,1.5
1404,600,837,3.5
1405,600,839,3.0
1406,600,841,3.0
1407,600,858,4.0
1408,600,899,4.5
1409,600,902,2.0
1410,600,912,2.5
1411,600,914,4.5
1412,600,915,3.5
1413,600,919,3.0
1414,600,923,4.0
1415,600,924,4.0
1416,600,943,4.0
1417,600,953,2.0
1418,600,1007,3.0
1419,600,1012,2.0
1420,600,1015,2.0
1421,600,1020,2.0
1422,600,1021,2.5
1423,600,1022,3.0
1424,600,1025,3.5
1425,600,1028,3.0
1426,600,1029,3.5
1427,600,1030,3.0
1428,600,1031,2.5
1429,600,1032,3.0
1430,600,1033,3.0
1431,600,1034,2.5
1432,600,1036,3.0
1433,600,1037,3.0
1434,600,1042,2.5
1435,600,1057,4.5
1436,600,1060,1.0
1437,600,1064,1.0
1438,600,1073,5.0
1439,600,1077,3.5
1440,600,1079,3.0
1441,600,1084,3.5
1442,600,1088,3.5
1443,600,1091,3.0
1444,600,1097,2.0
1445,600,1126,4.5
1446,600,1127,3.5
1447,600,1136,4.5
1448,600,1175,3.0
1449,600,1186,0.5
1450,600,1196,4.0
1451,600,1197,5.0
1452,600,1198,4.0
1453,600,1199,5.0
1454,600,1200,2.0
1455,600,1206,5.0
1456,600,1210,4.5
1457,600,1212,4.0
1458,600,1213,2.0
1459,600,1214,2.5
1460,600,1217,4.0
1461,600,1219,4.0
1462,600,1220,2.5
1463,600,1230,5.0
1464,600,1235,5.0
1465,600,1240,3.0
1466,600,1244,5.0
1467,600,1246,2.5
1468,600,1247,3.5
1469,600,1248,3.0
1470,600,1251,4.0
1471,600,1258,3.5
1472,600,1259,3.0
1473,600,1263,5.0
1474,600,1265,4.0
1475,600,1270,4.5
1476,600,1271,4.0
1477,600,1274,3.5
1478,600,1278,4.0
1479,600,1282,2.5
1480,600,1285,5.0
1481,600,1288,4.5
1482,600,1291,4.0
1483,600,1292,3.0
1484,600,1296,1.5
1485,600,1299,1.0
1486,600,1302,2.0
1487,600,1307,2.5
1488,600,1321,2.0
1489,600,1327,2.0
1490,600,1333,4.0
1491,600,1342,2.5
1492,600,1345,4.0
1493,600,1347,3.5
1494,600,1348,2.5
1495,600,1356,4.0
1496,600,1367,2.0
1497,600,1370,3.0
1498,600,1371,3.5
1499,600,1380,3.5
1500,600,1381,1.5
1501,600,1391,2.0
1502,600,1393,3.5
1503,600,1394,2.5
1504,600,1405,2.0
1505,600,1407,3.0
1506,600,1409,1.0
1507,600,1449,4.0
1508,600,1461,2.5
1509,600,1476,1.5
1510,600,1485,3.5
1511,600,1499,2.0
1512,600,1517,3.0
1513,600,1551,1.5
1514,600,1552,1.0
1515,600,1569,2.5
1516,600,1573,2.5
1517,600,1584,2.0
1518,600,1586,1.0
1519,600,1602,2.0
1520,600,1608,2.5
1521,600,1614,3.0
1522,600,1617,3.0
1523,600,1639,2.5
1524,600,1644,2.0
1525,600,1673,3.5
1526,600,1674,3.0
1527,600,1676,0.5
1528,600,1678,3.5
1529,600,1682,3.5
1530,600,1693,1.0
1531,600,1701,4.0
1532,600,1707,3.0
1533,600,1711,1.0
1534,600,1717,2.5
1535,600,1721,3.0
1536,600,1732,3.5
1537,600,1735,2.5
1538,600,1772,2.0
1539,600,1784,3.0
1540,600,1799,4.5
1541,600,1801,2.5
1542,600,1835,2.0
1543,600,1895,2.5
1544,600,1917,2.0
1545,600,1921,3.5
1546,600,1923,3.0
1547,600,1954,2.0
1548,600,1961,3.5
1549,600,1962,2.0
1550,600,1963,3.5
1551,600,1967,5.0
1552,600,1991,2.0
1553,600,1994,3.0
1554,600,2005,4.5
1555,600,2010,4.0
1556,600,2011,4.5
1557,600,2012,4.5
1558,600,2013,3.5
1559,600,2014,3.0
1560,600,2015,3.5
1561,600,2017,4.0
1562,600,2018,3.0
1563,600,2021,3.0
1564,600,2026,2.0
1565,600,2036,2.0
1566,600,2042,2.5
1567,600,2043,3.0
1568,600,2054,3.0
1569,600,2059,3.0
1570,600,2060,4.0
1571,600,2065,4.5
1572,600,2077,2.5
1573,600,2078,3.5
1574,600,2080,3.0
1575,600,2081,4.0
1576,600,2084,3.5
1577,600,2085,3.0
1578,600,2087,3.0
1579,600,2088,3.5
1580,600,2089,3.0
1581,600,2096,3.0
1582,600,2107,3.0
1583,600,2109,3.5
1584,600,2115,3.5
1585,600,2122,3.0
1586,600,2123,3.0
1587,600,2124,4.0
1588,600,2125,3.0
1589,600,2133,4.0
1590,600,2134,3.5
1591,600,2135,4.0
1592,600,2136,3.5
1593,600,2137,4.0
1594,600,2139,4.0
1595,600,2140,4.5
1596,600,2141,3.5
1597,600,2142,3.5
1598,600,2144,4.5
1599,600,2145,3.5
1600,600,2160,3.5
1601,600,2161,3.5
1602,600,2162,3.5
1603,600,2167,1.5
1604,600,2174,4.5
1605,600,2193,5.0
1606,600,2266,3.5
1607,600,2268,3.0
1608,600,2273,1.0
1609,600,2279,2.5
1610,600,2282,4.0
1611,600,2290,3.5
1612,600,2291,4.5
1613,600,2294,2.5
1614,600,2297,3.5
1615,600,2300,4.5
1616,600,2302,3.0
1617,600,2303,5.0
1618,600,2313,4.0
1619,600,2318,2.5
1620,600,2321,4.0
1621,600,2324,4.5
1622,600,2325,3.5
1623,600,2329,4.0
1624,600,2335,3.0
1625,600,2340,3.5
1626,600,2355,3.0
1627,600,2369,2.5
1628,600,2384,1.5
1629,600,2405,3.5
1630,600,2406,3.5
1631,600,2407,4.0
1632,600,2408,3.0
1633,600,2409,3.0
1634,600,2410,3.0
1635,600,2411,3.0
1636,600,2412,3.0
1637,600,2413,2.5
1638,600,2416,2.0
1639,600,2420,4.0
1640,600,2421,3.5
1641,600,2423,3.5
1642,600,2424,1.0
1643,600,2427,1.0
1644,600,2428,1.5
1645,600,2431,2.5
1646,600,2445,2.5
1647,600,2455,2.0
1648,600,2459,3.0
1649,600,2470,3.0
1650,600,2485,1.5
1651,600,2496,4.0
1652,600,2500,1.0
1653,600,2502,4.5
1654,600,2506,3.5
1655,600,2513,3.5
1656,600,2527,3.0
1657,600,2529,2.5
1658,600,2530,2.0
1659,600,2541,1.0
1660,600,2571,3.0
1661,600,2572,3.0
1662,600,2580,3.0
1663,600,2581,1.5
1664,600,2594,3.0
1665,600,2596,2.0
1666,600,2606,2.0
1667,600,2616,2.5
1668,600,2617,2.5
1669,600,2628,1.0
1670,600,2640,3.5
1671,600,2642,3.5
1672,600,2657,4.5
1673,600,2672,3.5
1674,600,2683,2.5
1675,600,2690,4.0
1676,600,2692,3.5
1677,600,2699,2.5
1678,600,2700,3.5
1679,600,2701,2.0
1680,600,2706,1.5
1681,600,2712,3.0
1682,600,2716,4.5
1683,600,2717,4.0
1684,600,2718,2.5
1685,600,2723,3.5
1686,600,2724,1.5
1687,600,2746,3.5
1688,600,2750,3.5
1689,600,2759,2.5
1690,600,2762,3.5
1691,600,2788,4.0
1692,600,2791,3.5
1693,600,2794,2.0
1694,600,2795,3.5
1695,600,2797,4.0
1696,600,2798,2.5
1697,600,2799,1.5
1698,600,2800,2.5
1699,600,2804,3.0
1700,600,2806,1.5
1701,600,2840,1.0
1702,600,2846,3.5
1703,600,2858,4.5
1704,600,2863,3.0
1705,600,2881,2.5
1706,600,2888,1.5
1707,600,2907,3.0
1708,600,2915,3.0
1709,600,2916,2.0
1710,600,2918,4.0
1711,600,2926,4.0
1712,600,2936,5.0
1713,600,2937,4.5
1714,600,2946,3.5
1715,600,2953,3.0
1716,600,2959,4.5
1717,600,2968,5.0
1718,600,2973,3.5
1719,600,2985,2.0
1720,600,2987,3.0
1721,600,2997,4.5
1722,600,3000,4.0
1723,600,3004,2.5
1724,600,3007,4.5
1725,600,3052,3.5
1726,600,3072,2.5
1727,600,3077,4.0
1728,600,3081,3.0
1729,600,3083,4.0
1730,600,3093,3.5
1731,600,3099,1.0
1732,600,3108,5.0
1733,600,3114,2.0
1734,600,3147,3.0
1735,600,3157,3.0
1736,600,3160,3.5
1737,600,3174,3.0
1738,600,3186,4.0
1739,600,3243,3.0
1740,600,3247,2.0
1741,600,3248,1.0
1742,600,3250,2.5
1743,600,3255,2.5
1744,600,3256,2.5
1745,600,3259,2.5
1746,600,3269,2.5
1747,600,3271,2.0
1748,600,3274,3.5
1749,600,3360,1.0
1750,600,3388,3.5
1751,600,3408,2.0
1752,600,3409,2.5
1753,600,3438,4.0
1754,600,3439,3.0
1755,600,3450,2.5
1756,600,3461,2.0
1757,600,3466,2.5
1758,600,3471,4.0
1759,600,3476,0.5
1760,600,3478,3.0
1761,600,3481,3.0
1762,600,3499,3.5
1763,600,3503,2.0
1764,600,3504,2.0
1765,600,3524,4.0
1766,600,3535,3.5
1767,600,3591,2.5
1768,600,3608,4.0
1769,600,3671,4.0
1770,600,3744,1.0
1771,600,3752,3.5
1772,600,3753,1.0
1773,600,3785,2.0
1774,600,3793,3.0
1775,600,3812,4.0
1776,600,3814,5.0
1777,600,3821,1.0
1778,600,3825,1.0
1779,600,3826,1.0
1780,600,3852,3.0
1781,600,3863,2.0
1782,600,3868,2.5
1783,600,3882,2.0
1784,600,3897,3.5
1785,600,3910,3.5
1786,600,3911,4.5
1787,600,3949,3.5
1788,600,3964,2.5
1789,600,3968,4.0
1790,600,3979,3.5
1791,600,3988,2.5
1792,600,3994,2.0
1793,600,3996,2.0
1794,600,4023,1.0
1795,600,4025,2.0
1796,600,4027,4.0
1797,600,4039,2.5
1798,600,4069,2.5
1799,600,4109,3.5
1800,600,4128,4.0
1801,600,4178,2.5
1802,600,4205,3.5
1803,600,4226,4.0
1804,600,4232,3.5
1805,600,4235,3.0
1806,600,4239,4.0
1807,600,4246,4.0
1808,600,4275,3.0
1809,600,4280,4.0
1810,600,4306,3.5
1811,600,4308,4.0
1812,600,4310,2.0
1813,600,4317,3.5
1814,600,4321,3.0
1815,600,4340,2.5
1816,600,4361,4.5
1817,600,4370,3.5
1818,600,4380,3.0
1819,600,4409,3.0
1820,600,4419,4.0
1821,600,4447,2.5
1822,600,4467,5.0
1823,600,4476,1.0
1824,600,4558,3.0
1825,600,4571,4.0
1826,600,4587,2.5
1827,600,4621,2.0
1828,600,4639,2.0
1829,600,4641,4.0
1830,600,4642,5.0
1831,600,4643,2.0
1832,600,4676,3.5
1833,600,4677,2.5
1834,600,4679,3.5
1835,600,4713,2.0
1836,600,4718,1.5
1837,600,4720,3.0
1838,600,4734,2.5
1839,600,4744,0.5
1840,600,4748,1.0
1841,600,4787,3.0
1842,600,4814,1.0
1843,600,4816,4.5
1844,600,4857,1.0
1845,600,4873,4.0
1846,600,4886,3.0
1847,600,4890,3.0
1848,600,4896,4.0
1849,600,4963,1.0
1850,600,4973,4.0
1851,600,4975,3.5
1852,600,4993,5.0
1853,600,4995,3.0
1854,600,5060,5.0
1855,600,5064,1.5
1856,600,5076,2.5
1857,600,5096,1.5
1858,600,5128,2.5
1859,600,5135,1.0
1860,600,5171,1.5
1861,600,5225,3.5
1862,600,5283,2.0
1863,600,5339,3.5
1864,600,5349,3.5
1865,600,5378,1.0
1866,600,5380,4.0
1867,600,5437,3.0
1868,600,5459,2.5
1869,600,5481,2.5
1870,600,5508,4.0
1871,600,5528,3.0
1872,600,5540,3.5
1873,600,5569,3.0
1874,600,5585,3.0
1875,600,5617,4.0
1876,600,5618,5.0
1877,600,5669,3.5
1878,600,5673,3.0
1879,600,5679,3.5
1880,600,5816,4.0
1881,600,5878,4.5
1882,600,5879,0.5
1883,600,5902,5.0
1884,600,5943,3.0
1885,600,5945,0.5
1886,600,5952,5.0
1887,600,5956,2.5
1888,600,5970,3.0
1889,600,5971,4.5
1890,600,5991,4.0
1891,600,5992,1.0
1892,600,6003,3.0
1893,600,6100,4.0
1894,600,6155,2.5
1895,600,6242,3.5
1896,600,6319,3.0
1897,600,6350,4.5
1898,600,6377,4.0
1899,600,6502,3.0
1900,600,6509,4.0
1901,600,6538,3.0
1902,600,6558,3.5
1903,600,6559,3.0
1904,600,6584,2.5
1905,600,6620,3.0
1906,600,6643,2.5
1907,600,6659,3.0
1908,600,6724,3.0
1909,600,6750,3.5
1910,600,6773,4.0
1911,600,6807,5.0
1912,600,6874,4.5
1913,600,6978,2.0
1914,600,6993,3.5
1915,600,7004,3.0
1916,600,7022,4.5
1917,600,7084,3.5
1918,600,7117,3.5
1919,600,7147,3.5
1920,600,7153,5.0
1921,600,7160,3.5
1922,600,7161,1.0
1923,600,7247,3.5
1924,600,7255,0.5
1925,600,7293,3.0
1926,600,7318,0.5
1927,600,7323,2.5
1928,600,7361,5.0
1929,600,7395,1.5
1930,600,7438,4.5
1931,600,7444,3.0
1932,600,7451,3.5
1933,600,7566,4.0
1934,600,7934,3.5
1935,600,7983,4.0
1936,600,8169,3.5
1937,600,8261,4.5
1938,600,8360,3.0
1939,600,8368,4.0
1940,600,8376,3.0
1941,600,8464,3.0
1942,600,8492,3.0
1943,600,8507,3.5
1944,600,8533,3.0
1945,600,8633,4.0
1946,600,8636,3.0
1947,600,8644,0.5
1948,600,8665,0.5
1949,600,8874,4.5
1950,600,8910,5.0
1951,600,8947,2.5
1952,600,8949,3.5
1953,600,8970,2.0
1954,600,8972,1.0
1955,600,8973,1.5
1956,600,8981,3.5
1957,600,8984,1.0
1958,600,25905,3.5
1959,600,25923,3.5
1960,600,25947,5.0
1961,600,26084,3.5
1962,600,26133,2.5
1963,600,26258,5.0
1964,600,26326,5.0
1965,600,26614,0.5
1966,600,26662,4.5
1967,600,26680,4.0
1968,600,26712,4.0
1969,600,27020,3.0
1970,600,27563,4.5
1971,600,27611,1.0
1972,600,27731,5.0
1973,600,27879,4.0
1974,600,30749,2.0
1975,600,30793,3.0
1976,600,30810,5.0
1977,600,30812,4.0
1978,600,30825,3.0
1979,600,30894,3.0
1980,600,31658,5.0
1981,600,32291,3.5
1982,600,32296,1.5
1983,600,32456,4.5
1984,600,32587,2.0
1985,600,33493,1.0
1986,600,33679,2.0
1987,600,33794,2.5
1988,600,34072,4.0
1989,600,35836,1.5
1990,600,36401,3.5
1991,600,37729,3.0
1992,600,37857,3.0
1993,600,38886,4.5
1994,600,39435,2.5
1995,600,39444,1.0
1996,600,40629,2.0
1997,600,40815,4.0
1998,600,41285,4.0
1999,600,41566,1.0
2000,600,44191,0.5
2001,600,45028,3.0
2002,600,45081,2.0
2003,600,45186,3.0
2004,600,45440,2.0
2005,600,45722,4.0
2006,600,46578,4.5
2007,600,46664,2.5
2008,600,46723,2.5
2009,600,46967,3.5
2010,600,46976,4.0
2011,600,48082,3.5
2012,600,48385,4.5
2013,600,48394,4.5
2014,600,48774,4.0
2015,600,48783,1.0
2016,600,49530,1.0
2017,600,50658,4.0
2018,600,50740,4.0
2019,600,52435,4.0
2020,600,52767,4.0
2021,600,53024,3.0
2022,600,53125,4.0
2023,600,53322,1.0
2024,600,53953,2.0
2025,600,54286,1.0
2026,600,55052,1.5
2027,600,55247,1.5
2028,600,55830,4.0
2029,600,56775,0.5
2030,600,58559,3.5
2031,600,59131,3.5
2032,600,59725,2.5
2033,600,64839,3.0
2034,600,66097,4.0
